dark,green,red,vred
ACCCAGTTTA,AAATGACGTC,CTCCTTGGCG,GGGGGTTAAA
GTTAACAAGA,AGCTTCGGAA,GCCACCTCGA,CGAAGCGCGG
TTGGGCCTGG,ATAATCCCTG,GCCTCGAGAT,GGGACTCTCA
GTCCTCTATG,AGCACTGACT,ACCGCGACCG,ATAGCTCACC
TTGCTTGGCT,GTAGCGATGC,CTCATAGACC,GTATCCTCGC
ATTCAGCTTC,TCGACACCGA,ATCCCACGAG,GGGCGAACAT
CACTCTCAGC,GCTCAGAATG,TAGATCGGGA,TCGCCGGCGC
ACTGTTTGCA,CTAGGTCCTA,CGCCGAGGCT,CCCAGGACTT
GTCCAGTGTG,CCGCGCAAAT,GCGGGAGCGG,CCCCGATATC
TACTTTGAGG,TGCTATCCGT,CCGCAGCTGG,GGGTTCTTAG
GCATGTGAGA,TCACAAGAAT,CCAAGCCCAG,GGGTCCGTCT
TGCCTTTATA,CGGCACTTAC,GCGCCAGTCC,CTCTCCGAAC
TGATTCAAGT,CGAGAAAGAG,CGGGCACTGG,ACGTCAACGT
GAAGTGTAAT,AGTTTCCCCA,CCCATGCCCG,GGAATCCGCC
ATAAGCTTAG,AACATGGCTC,CCGAGCTCGT,GGCGTCTCAG
CCATTTTCGG,TTCTCCCCTG,TCTCTACTCG,GGGATTTACC
GGGAAACGTT,CCACCTTTTC,CCAGGCAACT,GCTCGTCTAT
TTGACTAAGC,TATGAGCCTC,GGACTATCTC,AGCCAACTGG
TTGATGCACG,GTACTACACA,ACCGGACACA,GGACAGCTCT
TACGTAAGGT,AGGGAAAGAG,CGGCCTCTAG,ACCTGGACCG
TCGATACAAT,CGCGCGACCA,CCCACGCAAA,CGGGGGGAGC
CGGTTAATTT,CTGCGTGTCT,TCCAGGCTAG,CCTGGCTAGC
TTTTCCGTTC,AGGCGAACAG,CGAACGGGTC,GGGTGGGGTA
TCCTGACTTC,TATCTATCCA,GCCGCTCTAC,GGCTAGCGCG
GGTTTAGCCT,AGGATAGGAA,CACGGGCAGA,GAGACTAGCC
CTTTTGCTAC,ATCGCTGTCA,AGGCGTGCTG,GCGTTGGCCC
TGAGATAATG,TCCACGAGAA,GCAAGCGGGA,CACCGCGGAG
ACACACTTCA,TGAGGCGAAG,GGGCGGTACT,CGGGACAGAC
TCCAATTTGT,TACAGAGCCG,AAGTGGCGTC,GTATCAAAGC
GCATTTGGGT,AGAGTCCAAC,GGCAGCGTCG,CGAGCTGAAC
ACTGTTCGGA,CCTACACTGT,CGGGCGGCTA,GACGGGTCCC
ACTTCGCTGG,TAAGCAAGAG,CGACTGGCGA,GGTTCCGGGC
GTTAATGTCT,GCAAGATTGA,GAGCCTCAGC,CCCCGTTGTT
TCCGCTCAGT,CGAACGGGTT,CGCCCTATCC,CCCGGACCCC
AACATCTGTA,GAGCTAGTGG,TGCCCTGTCG,CCCGGCCGAA
TGCGAAGTAT,GGTCATAACT,CACCCCCAGT,CCGAACCCGC
AATAGACTGG,GAAATCGCAC,CGTCCGTGTT,GCCGCGCCGA
TAAGGTGAAA,TTCCCTGGTT,AACTCGCAAA,TCCCGGCCCC
AAGATGTTCT,GGCGTGCAGG,GCCGACCTAT,ACCCGGCGCG
TGTGAAGGAC,GCCTACCGTA,GTCAACCGCT,ACCGCCGGGA
AAGCACTCAC,AAAAATCCCA,CAAGATCGCG,ATCCCGAGCG
GGTATTGACC,TGACGCTGTG,TAACCGCGAG,CCAGCCCGGA
GAGACCTTGT,TGAGTTGCCG,TACAGACGTC,CCCAGCGCGG
GAATATTTCC,TGTGAACGTG,ACTGCCCCGA,CCCGGACGAC
TGGTCTTGAG,ATACGGGTTA,CGCGGAGGAT,GACGGAACCC
CAGCAGTTAG,GAAAAGCCCA,ATCACAGGGC,GCAAGCCCGC
TAATAGGATT,TCGTATTCAA,GCTCTTGAGA,GCCGGGCCGG
TGTTTATGTC,CCAAACATTC,GGACGGCTCA,GGGCTCCCGA
GACACTGCAG,CGACTCATAG,CTGGACTACG,CCGAAGCGCG
ACGTATTCGA,GACTAGTACA,CTAGGGCCCT,GCTCGCGGCG
GTGTCCTGGA,GAAGTGATAT,GTCGACGCCC,GGGCTGCCCG
TTGGGATCAA,GGAACTAAAG,GGCACGAGTT,AGGGCAACGC
TCTCACGTCT,CAGATGTCCA,GGGCCGCAAG,AGGGCCCAAC
CAGATGGGTT,GAAGCGCCCC,CTCGGCGGCA,CCGTCCCGCC
CGTTAAATAC,GCCAGAACGC,GGCACAGGCT,CGAACCGGGC
TTTACAATCC,GAGAGCCCGA,GCATCCAGAT,GCCGATCCCG
AGCGAAAAAT,TTCCCCACCC,CGGTTTGGCC,CCACGGGCAA
CCAAGACCGT,CACCACCAAA,TAACTATGGT,CCAGGCCGAC
CCTTCACGCT,GGAAGGACCG,CGGACCATCG,CGCCCCCACC
CCTAGTCCTC,GAACGGCGGT,TCCTCCGGCC,GCGATGCCCA
TAGGTGAAAG,CCCTCCCCCT,TAGCGAGCGG,GGCGCGAGGG
AGGACAACTG,GGACGACACT,CGAAAGGGAA,TCCGCGCCAA
TCGTTCAAGG,GTCCACGAAC,GCATAGAACG,AGGGGCCCAG
CTAACTGCTG,CCACCCCAAT,ACCGTCGGCC,CCGGAATCCG
AATACATGGC,AGAAACCCAC,GACCCCGAAG,GAGGGCGGCA
TCCGTTGTAT,TGGGACCGAA,TGTCAACAAA,ATCCACCGAC
TCGTACAGCT,CGAGAATGTC,CGCGCCTGAG,AACGACCCGG
GCTTGCTCTA,ACGATCCCTC,CTAGCGTCGC,CCTAGCCCCG
ACAGAAAAAG,TTTCCACGAC,AGTTGCCCAG,TCGAACGCGC
AGAACATTCG,AATGGAGAAC,ACGAACATGC,TCCGACCCCC
TGAGTATGCA,GAGAACGAGA,CACCCGGCGG,AGGACCCGAA
TGCATGGCCT,ATCCCAACAG,CCACGCGCCG,GAAAGCGCGA
GTGGTACATG,TAGCCCCTGT,CCCACCGCGC,GCCAAAGCGC
GTAGCCTATA,TGCACAAGAA,CCCACCGGCC,GGCCCTGCGA
GCTACACAGT,CGAAGAATCA,GACGCGGCCC,TCCCTCGGGA
TTTGATCCTC,CCTCCACGAA,GCCGAGCCCG,CGCGAGAGAA
TCACTAGTTT,TCCCACAGAA,GGCCGACCCA,GGGCCCAAAC
TTAGCATTGG,TTCCCCAATC,ATCCCGCCCA,AGGGTGCCCC
TTTACCATCG,CCCCAACAAT,CACCCCGAGC,CGCGCGCCTA
AGTTAGCAAT,TGCCAGAATT,CCACGACCGG,GACGACGGAT
ATCGTTCATT,TCACGGGTCT,CCACGCGGGA,ACGGGGCAAA
GTAACCTGCA,CGAGAAGATG,CCCAAGCCGC,ACGTCCCGGG
TTGCAGGAAT,CGGAGAGCTT,CCGCCACGCG,CAAGGGACCC
ATGTCGATAC,CGAGAATCAG,GCACGCCCCA,CCGCCCTAGT
GATCGCTGTA,CCGAGAATCA,GCCGACCGCG,CCTGGCCCCC
GAACTAAATG,TCGACAGAAG,GCCGGCTCCC,ATCCCCCCCG
CTTCTGGATT,AATACGGGTT,GCGACCCCAG,GGGGAACAAA
ATTAACGAGT,AATCCCAATA,GCGATCGCCC,CCGACGGGGT
GGTGTTTCGC,ACCCAGAATA,ACCACGCCGA,CGGTCCGGCA
ATGACAGAAG,ATCCCAATCA,ACGCACCCAG,TAGGGCTCCG
TGCAGCGAAT,GGGAGAAATG,CCAGCCGCGC,CCAGGCGTCA
CCTCGTTTTT,,CGGGAACGCG,GAGGCCGTCA
GTATGGTTGG,,GCCGCGAGGG,GCGCAAGATG
TTACTGGGTC,,GCCGTCCCCA,TGGAGAACCC
CTTGGCTTTG,,GCTACGCGCC,GCACGATGCC
TTCAAAAGCA,,GGCAGCGCAC,TCGTAGCGTA
GTCCATTTAT,,TCGACGCGGC,GGAAGCCCCG
TTGATCTAAG,,ACGGCAACCG,ATCCCCCTGC
TGTTTGCGTG,,ATCCGAGCGG,ATCCCCTGCA
TTGATTGTCA,,CCAGCTCCCG,TGCGAGAAGG
TCTCATCTTT,,CCCACACGCC,GAACTAACCC
CAACTAGTTA,,CCGACAACGC,GTAGCGAACG
CCGTCCATTA,,CCGAGCCGGG,GCGTGCATGG
CCTAGATACT,,CGACCCACCC,ATCCCCTGTC
GCTGGATATT,,CACCCGACGT,CGGGGAAGAA
TACTGTAGGG,,CCCGCCACGT,CCCTCCCCTG
TAAACTGAAC,,GCTCCCGGCT,CCCGGAGAAG
ATCCTTAATG,,GGAGCGCCCT,CCGCGCAATA
GAGTTAAGAT,,GGCAACGAAC,TTCCCACTGA
GTTTAGCGAT,,GGCGGGCAAA,GCCAACTAAT
GGTTAACACT,,TGCGCCCCGC,GCGCGCAATT
ACGTATTTCC,,ACAGCCCGCA,GCAAGAGCTT
TGGGTCAGGA,,ACTCCGGCCG,AACTAACGAG
ATCATGTACC,,CCACTCCCGC,GAACGTGCGG
TTTGGGAGGG,,CCCGAAGGCC,TCCCGAACAG
CGGGTGTGGC,,CGACGGCAAA,CGCGCAATGT
GGACTTCAGG,,CTACGCGAAG,
TCCTATCGGG,,GACAGACCGG,
TCTATACAAC,,GCCCATGCCC,
CCTATTAAAC,,GCGCCCAAAC,
CATACTAAGT,,GCGCCCATCG,
TTCTTGAAGT,,GCGGCGCCTA,
ATGTAGTGTC,,GCTCCCCGAC,
GTCCTTCATC,,GGGCCACGAA,
CAGTGCGTCT,,AGGCTACCCC,
TTTAGCGATA,,AGGGGCCGAA,
CGTTGGTACA,,CGCCGATCCG,
ACTGCCTGTA,,GCGACGAGAC,
GATTTCAAGG,,GGCGACTCCA,
CGTCAATAAT,,GGGAGACCCT,
GTGATTGTGT,,ACGGCAACCA,
GTCCACCACA,,ATCCGGGCAC,
CGGTCGTAGT,,GCCCACACAA,
TGCATGTGGT,,GGCTCGCCAA,
CTGTCTGGAC,,AGCCGCAAAC,
TTCTAAACGT,,AACCCCCGGT,
CTGGTAGCAG,,AGGACACCGA,
TTCGTCCAGT,,GCCTCTCGCG,
TGGCATGGAA,,GCTACTCCCC,
TAATTTGTGG,,GTCACGCCCC,
GTGCTTATGG,,TCGCCCAAAC,
TTTGTTACAG,,CTCCGATCGC,
GCATAGCGGT,,GATCCGCGGG,
GACTAGGGTC,,AGAGCCCTAC,
CTTTATAGAC,,CCGGGTCCGC,
TGTAGTCCTT,,GACGAAACCC,
TGTCTTGTGT,,GCGTCCCCCT,
TTGATTTCCC,,ACCGACCTAC,
CTTGGTAATA,,CCACTCCCCG,
AAGTCAAAGT,,CGGCTGGGCG,
CCTAATACAT,,GTCCCCAACG,
TGGCACAATT,,CCAAGACCCA,
CGTCTAACTT,,CCGAGAGAAG,
TTAGCGAAGA,,CAAGGCGGGG,
TTTTACTCAC,,CCACCGCTGT,
GGGGTGCAGT,,CCGAGCGTCC,
TAGGGTGTAC,,CCTCGCAAAC,
AGGTTTGTTG,,AACACCCCCG,
TTCAATTTGG,,GATCCGGGAG,
CAGTCAGCAC,,TCCAACCCGG,
TCTGATTCGG,,TCCCGGTCCC,
TGGATTAAGA,,AGCCGAAACT,
ACCGTTCTAT,,CCGCGAGCAT,
CTGTAGGTCC,,GCAAGGGGCC,
ACATGATACC,,GCACGTCCCA,
ATGAACAGAA,,CGGGCCAAAC,
ACTCTTGTAC,,TCAAGGCCCA,
TGTCATTCTC,,ACCGAACGTC,
ATTCTTCTTG,,CGCGAGAATA,
TCTCACATAT,,ACGGGTTCAC,
CTTGACTCAT,,AACTAACACC,
ACGGTCCGAT,,GAAGCAAGAT,
CTGAATAAGC,,GCAAGAACCC,
ATGGGCACTT,,TGGATCCCAA,
CGTTTCGACT,,CCGCGATGCG,
TTTCGTCCGT,,CGCGCAAATT,
CATAGAGGCG,,TGCAAGATTC,
AGCTGAGGTC,,CCGCAAGATA,
ATTTTGTGTT,,AACAGCCCCA,
GTTTAGCATT,,ACGTAGCGTC,
AGTCCATTTA,,TGAACGGAGA,
AAAACCATTG,,GAGCGATGCC,
AAGCTCACTG,,CGCGCAAGAA,
GACTGTGGTA,,ACGGGAAGAA,
TGTTGGTAAC,,CGACACGAGA,
TCTTTGATTC,,CCGACGAACG,
CGTTTTGGCA,,CCGACACAAA,
TGTTCAAGGA,,CCAAGAACGC,
AATACAGCTG,,GCCACGATGC,
CTTGTTAAAG,,ATACGAGAAG,
GTTAAACGCA,,GCGCGATGCA,
CATGTGGGTC,,GAAGCCCCAC,
CCTCCTTTAA,,TCCCACGATA,
TTCTTGTCGT,,CCGCGAGAAC,
ACTAAGAACC,,GGCAAGATGC,
TGTTCGTGAC,,GGAGAACCGC,
AGTTTTTGTG,,CGCGCAGAAG,
TTTTCGGAAA,,CCGAGAATGC,
GACTAGGTAG,,AATTCCCCAC,
GGTATTGCAA,,ACCCGATGCA,
ATTGCATACA,,CGTAGCGTCA,
GACATATCTT,,ATCCCAACGC,
TAAAGCAGGT,,,
TCCAAGATGC,,,
AGAGAACGTT,,,
AACAGAAATG,,,
ATACGGAGAT,,,
AACAGAACGC,,,
TCGAGAAATG,,,
AACAGAGCTT,,,
TACCGGGTTA,,,
AATGACGTAC,,,
GAGAACTAAT,,,
GGAAGAGAAT,,,
AATCCCTGTC,,,
CGGAGAACAG,,,
GGAAGAACAG,,,
AACCAGAATC,,,
CAACGAGAAT,,,
TGGAGAATTG,,,
GAAGAATTGC,,,
AGAGCACTGT,,,
GAAGAATTAA,,,
ACAAAGAATT,,,
GACGGGTTTT,,,
TAGGGAGAAT,,,
CCAACAGAAT,,,
GAGGAGAAGA,,,
TGCAAGATGT,,,
CGAGAAGAAA,,,
AGCAAGATTA,,,
TAGCAAGATA,,,
AACTAACAAT,,,
CAACGGGTTT,,,
TTCACGGGTT,,,
AGGAGAAATT,,,
GAGAAGATGT,,,
TTCCAGAACG,,,
ATGCAAGAAG,,,
GGAGAATTCT,,,
GAAGAATCAG,,,
ACGGGTTGTC,,,
GTAGCGAGTT,,,
GCCAAGAGAT,,,
CGACCACTGT,,,
CAAAGATGCA,,,
GAAGAAAGAA,,,
ACACGAAGAA,,,
TACTACACCG,,,
GGAGAACACC,,,
ACCAAAGAAT,,,
GAACGGGTGA,,,
AACAGAGAAC,,,
GAGACACTGT,,,
AGAAGAATTG,,,
GAGGAGAATT,,,
GCCAAGAATT,,,
CAAAGAACAG,,,
AGAAGAGATG,,,
TGTGGAGAAG,,,
GAGAACAATT,,,
TCAGAACTGA,,,
CGGGAAGTGT,,,
AACGAACCGT,,,
TGACGGGTTC,,,
TCGAGAACAG,,,
CCGAGAAATT,,,
CCTCAAGAAT,,,
TAGCAAGAAT,,,
CTTCCCACTG,,,
GAAGAATCCT,,,
CAAAGAGCTT,,,
GACCGAAGAA,,,
TAGGCAAGAA,,,
TGGAGAAATA,,,
AACGGGTCTT,,,
GCAAGAGTCT,,,
TGGACGGGTT,,,
CCAAGAATAG,,,
GAGAAAGAAT,,,
GGAGAAGTTC,,,
GAATGACGTA,,,
AACAGGAGAA,,,
TGCAAGATAG,,,
GCAAGAAATG,,,
TGGGAACGAG,,,
GGCAAGATTT,,,
GGGAGAAGTT,,,
AACAGAATCA,,,